,score,error,parallel_error,note,rhythm,directed_interval
0,3.6808286097089953,0.050523300717267634,3.3939271625361878,0.06402283396546911,0.04791572645120382,0.12443958603886711
