,score,error,parallel_error,note,rhythm,directed_interval
0,-444.07019963946203
1,6.020071312072428
2,-97.14611558147874
3,-17.390153512512732
4,11.337304156929775
